-- phpMyAdmin SQL Dump
-- version 4.7.4
-- https://www.phpmyadmin.net/
--
-- Host: 127.0.0.1
-- Generation Time: Apr 20, 2018 at 09:40 AM
-- Server version: 10.1.29-MariaDB
-- PHP Version: 7.2.0

SET SQL_MODE = "NO_AUTO_VALUE_ON_ZERO";
SET AUTOCOMMIT = 0;
START TRANSACTION;
SET time_zone = "+00:00";


/*!40101 SET @OLD_CHARACTER_SET_CLIENT=@@CHARACTER_SET_CLIENT */;
/*!40101 SET @OLD_CHARACTER_SET_RESULTS=@@CHARACTER_SET_RESULTS */;
/*!40101 SET @OLD_COLLATION_CONNECTION=@@COLLATION_CONNECTION */;
/*!40101 SET NAMES utf8mb4 */;

--
-- Database: `db_newsportal`
--

-- --------------------------------------------------------

--
-- Table structure for table `local_newses_tbl`
--

CREATE TABLE `local_newses_tbl` (
  `news_id` int(11) NOT NULL,
  `category_id` int(11) NOT NULL,
  `subcategory_id` int(11) NOT NULL,
  `top_news` varchar(255) NOT NULL,
  `news_title` varchar(255) NOT NULL,
  `news_url` varchar(255) NOT NULL,
  `news_seo_title` varchar(255) NOT NULL,
  `news_summery` text NOT NULL,
  `news_details` varchar(255) NOT NULL,
  `image` varchar(255) NOT NULL,
  `author` varchar(255) NOT NULL,
  `status` varchar(255) NOT NULL,
  `date` datetime NOT NULL DEFAULT CURRENT_TIMESTAMP
) ENGINE=InnoDB DEFAULT CHARSET=latin1;

--
-- Dumping data for table `local_newses_tbl`
--

INSERT INTO `local_newses_tbl` (`news_id`, `category_id`, `subcategory_id`, `top_news`, `news_title`, `news_url`, `news_seo_title`, `news_summery`, `news_details`, `image`, `author`, `status`, `date`) VALUES
(1, 1, 1, '0', '??????? ?????? ????? ??? ????? ???????', 'http://www.banglanews24.com/sports/news/bd/646003.details', 'ronaldo,football,real madrid', '<p><span>???????????? ??????? ??????&nbsp;??????????? ??????? ?-? ????? ?? ?? ?????? ????? ???????? ??????????? ???? ?????????? (?? ??????)&nbsp;?????? ???? ???? ?????? ?????? ???????? ??? ???????? ???? ???? ??? ??? ???? ????? ????????!</span></p>', '<div id=\"contentDetails\">\r\n<p>???????????? ??????? ??????&nbsp;??????????? ??????? ?-? ????? ?? ?? ?????? ????? ???????? ??????????? ???? ?????????? (?? ??????)&nbsp;?????? ???? ???? ?????? ?????? ???????? ??? ???????? ???? ???? ??? ??? ???? ????? ???????', '../upload/6e4a49a39d.jpg', 'bicyle kick by Ronaldo', '0', '2018-04-04 00:00:00'),
(2, 1, 2, '1', '????? ???? ?????? ????? ????????', 'http://www.banglanews24.com/sports/news/bd/646028.details', 'cricket', '<p>???? ????????? ????? (??????) ?????? ???? ????? ????? ?????? ??? ????? ????????? ???? ????? ???? ????? ???? ????? ?????? ??? ???? ????? ??????? ???????????? ???????? ?????? ????????? ???????? ??????? ????? ???? ?????? ?????? ??????? ????? ???????</p>', '<div id=\"contentDetails\"><span style=\"font-family: arial, helvetica, sans-serif;\">???? ????????? ????? (??????) ?????? ???? ????? ????? ?????? ??? ????? ????????? ???? ????? ???? ????? ???? ????? ?????? ??? ???? ????? ??????? ???????????? ???????? ?????? ', '../upload/1bba413c34.jpg', 'sommo', '0', '2018-04-04 00:00:00');

-- --------------------------------------------------------

--
-- Table structure for table `poll_option`
--

CREATE TABLE `poll_option` (
  `poll_id` int(11) NOT NULL,
  `option` varchar(255) NOT NULL,
  `id` int(11) NOT NULL
) ENGINE=InnoDB DEFAULT CHARSET=utf8;

-- --------------------------------------------------------

--
-- Table structure for table `poll_question`
--

CREATE TABLE `poll_question` (
  `id` int(11) NOT NULL,
  `question` text NOT NULL,
  `status` int(11) NOT NULL
) ENGINE=InnoDB DEFAULT CHARSET=latin1;

-- --------------------------------------------------------

--
-- Table structure for table `tbl_admin`
--

CREATE TABLE `tbl_admin` (
  `admin_id` int(11) NOT NULL,
  `adminUser` varchar(50) NOT NULL,
  `adminEmail` varchar(70) NOT NULL,
  `adminPassword` varchar(60) NOT NULL,
  `level` varchar(60) NOT NULL
) ENGINE=InnoDB DEFAULT CHARSET=latin1;

--
-- Dumping data for table `tbl_admin`
--

INSERT INTO `tbl_admin` (`admin_id`, `adminUser`, `adminEmail`, `adminPassword`, `level`) VALUES
(1, 'jubaer', 'jubaer0001@gmail.com', '1234', '1');

-- --------------------------------------------------------

--
-- Table structure for table `tbl_announcement`
--

CREATE TABLE `tbl_announcement` (
  `announcement_id` int(11) NOT NULL,
  `text` text NOT NULL
) ENGINE=InnoDB DEFAULT CHARSET=latin1;

-- --------------------------------------------------------

--
-- Table structure for table `tbl_announcement_local`
--

CREATE TABLE `tbl_announcement_local` (
  `announcement_id` int(11) NOT NULL,
  `text` text NOT NULL
) ENGINE=InnoDB DEFAULT CHARSET=latin1;

-- --------------------------------------------------------

--
-- Table structure for table `tbl_breakingnews`
--

CREATE TABLE `tbl_breakingnews` (
  `breaking_id` int(11) NOT NULL,
  `title` varchar(255) NOT NULL,
  `status` int(11) NOT NULL,
  `hits` int(11) NOT NULL
) ENGINE=InnoDB DEFAULT CHARSET=latin1;

--
-- Dumping data for table `tbl_breakingnews`
--

INSERT INTO `tbl_breakingnews` (`breaking_id`, `title`, `status`, `hits`) VALUES
(1, 'South Africa won the match against Ausie', 1, 0),
(2, 'ipl will start at 7th aprill', 1, 0);

-- --------------------------------------------------------

--
-- Table structure for table `tbl_breakingnews_local`
--

CREATE TABLE `tbl_breakingnews_local` (
  `breaking_id` int(11) NOT NULL,
  `title` varchar(255) NOT NULL,
  `status` int(11) NOT NULL
) ENGINE=InnoDB DEFAULT CHARSET=latin1;

--
-- Dumping data for table `tbl_breakingnews_local`
--

INSERT INTO `tbl_breakingnews_local` (`breaking_id`, `title`, `status`) VALUES
(1, '<p>bangladesh win the game</p>', 1);

-- --------------------------------------------------------

--
-- Table structure for table `tbl_cartoon`
--

CREATE TABLE `tbl_cartoon` (
  `cartoon_id` int(11) NOT NULL,
  `category_id` int(11) NOT NULL,
  `top_news` varchar(255) NOT NULL,
  `news_title` varchar(255) NOT NULL,
  `news_url` varchar(255) NOT NULL,
  `news_summery` text NOT NULL,
  `image` varchar(255) NOT NULL,
  `author` varchar(70) NOT NULL,
  `status` varchar(50) NOT NULL,
  `date` timestamp NOT NULL DEFAULT CURRENT_TIMESTAMP ON UPDATE CURRENT_TIMESTAMP
) ENGINE=InnoDB DEFAULT CHARSET=latin1;

--
-- Dumping data for table `tbl_cartoon`
--

INSERT INTO `tbl_cartoon` (`cartoon_id`, `category_id`, `top_news`, `news_title`, `news_url`, `news_summery`, `image`, `author`, `status`, `date`) VALUES
(1, 2, '1', 'Martin Rowson on Michael Gove banning ivory sales – cartoon', 'https://www.theguardian.com/commentisfree/picture/2018/apr/03/martin-rowson-on-michael-gove-banning-ivory-sales-cartoon', '<p>In noteworthy but not exactly surprising news, the third and final film of the new &ldquo;Star Wars&rdquo; trilogy will see the two main heroes back together again, reports Collider.</p>\r\n<p>One of the major points of anticipation for &ldquo;Star Wars: The Force Awakens&rdquo; was seeing the new characters that JJ Abrams was introducing to the Star Wars universe. Chief among them was Rey (played by Daisy Ridley), the protagonist of this new trilogy, and Finn (John Boyega), a former stormtrooper who turns his life around. &ldquo;The Force Awakens&rdquo; was very much about the relationship between Rey and Finn as the &ldquo;new heroes&rdquo;, in some scenes echoing the thoughts and feelings of Star Wars fans themselves. But in last year\'s sequel, &ldquo;The Last Jedi&rdquo;, the heroes were torn apart.</p>\r\n<p>While the storytelling format of introducing characters, splitting them apart and reuniting them is not exactly new, it proved frustrating for fans in &ldquo;The Last Jedi&rdquo;, as Rey and Finn didn\'t have much screen-time together at all. By the film\'s end, Rey and Finn are seen back together, and Boyega confirmed at AwesomeCon that &ldquo;Star Wars: Episode IX&rdquo; will feature plenty of Rey/Finn action:</p>\r\n<p>&nbsp;&ldquo;I haven\'t read the script for Episode 9. But Daisy did shoot me a text saying, \'Oh my gosh, I just heard from JJ [Abrams], and we\'re back together.\' That\'s what I\'m really excited about, is Finn and Rey back together again.&rdquo;</p>\r\n<p>The split during &ldquo;The Last Jedi&rdquo; may have been frustrating, but the payoff in &ldquo;Episode IX&rdquo; promises to be well worth it. Each character had to go off on his or her own to learn a lesson, as Finn\'s Canto Bight adventures with Rose (Kelly Marie Tran) served to broaden his horizons and provide him with a greater understanding of the world at large. And Rey\'s journey with Luke Skywalker (Mark Hamill) and Kylo Ren (Adam Driver) strengthened her resolve and enriched her understanding of the Jedi, something that culminated in her herculean rock move at the end of &ldquo;The Last Jedi&rdquo;</p>', '../upload/cda3e1ae98.jpg', 'jubaer', '1', '2018-04-03 18:00:00');

-- --------------------------------------------------------

--
-- Table structure for table `tbl_category_local`
--

CREATE TABLE `tbl_category_local` (
  `category_id` int(11) NOT NULL,
  `category_title` varchar(255) NOT NULL,
  `category_url` varchar(255) NOT NULL,
  `category_seo_title` varchar(255) NOT NULL,
  `status` varchar(70) NOT NULL
) ENGINE=InnoDB DEFAULT CHARSET=latin1;

-- --------------------------------------------------------

--
-- Table structure for table `tbl_columnist`
--

CREATE TABLE `tbl_columnist` (
  `columnistn_id` int(11) NOT NULL,
  `news_title` varchar(255) NOT NULL,
  `news_url` varchar(255) NOT NULL,
  `news_seo_title` varchar(255) NOT NULL,
  `news_summery` text NOT NULL,
  `news_details` text NOT NULL,
  `author` varchar(255) NOT NULL,
  `status` varchar(70) NOT NULL
) ENGINE=InnoDB DEFAULT CHARSET=latin1;

--
-- Dumping data for table `tbl_columnist`
--

INSERT INTO `tbl_columnist` (`columnistn_id`, `news_title`, `news_url`, `news_seo_title`, `news_summery`, `news_details`, `author`, `status`) VALUES
(2, '???????? ????????? ??????? ???????', 'http://www.risingbd.com/editorial-news/257940', 'bangladesh', '<p>???? ????? ? ????? ???????????? ???????? (??????? ???????? ??????) ????????? ????? ????? ????????? ??? ??????? ????? ????????? ????? ????????,</p>', '<p><span>???? ????? ? ????? ???????????? ???????? (??????? ???????? ??????) ????????? ????? ????? ????????? ??? ??????? ????? ????????? ????? ????????, &lsquo;?????? ??????? ?????? ??????? ???????, ?????? ??????? ?????????? ????????&rsquo; ?????? ?????&nbsp; ????? ????? ????????? ?????? ????? ?? ???????? ????????? ?????? ?? ???????? ??? ?????, ???? ??? ? ????? ?????????? ????? ??? ?????????? ???? ?????? ???? ?????? ???? ?????? ???? ?????? ?????? ????, ?????????? ???? ???????????? ??????? ???? ??????? ??? ?????????? ???? ??????? ???? ??? ????? ???????</span><br /><br /><span>?????????? ???????? ??? ?????? ????? ???? ????? ????? ??????? ? ??????? ???? ????? ???????? ?????? ?????? ????????? ???????? ?????? ?? ?? ????? ?????? ??????? ????? ??????????&nbsp; ??????? ????????? ?? ??????? ???? ????? ?? ???? ????????? ????????? ??? ??? ????????? ??? ??????? ?????? ????????? ??????? ????? ????????? ????????, &lsquo;???? ??? ???? ??????; ??? ?????? ?????? ????? ????? ???&rsquo; &lsquo;???? ??? ??????, ???? ??? ???, ? ????? ??????? ????? ??? ???? ??????????? ?????? ??????? ?????? ??????? ???????, ?????? ??????? ?????????? ????????&rsquo;</span><br /><br /><span>?????????? ?? ???? ??????? ???? ?????? ????? ????? ?? ??? &nbsp;?????? ???????????? ? ????????? ???????? ???? ??????? ???????? ??????, ??????? ????? ?????? ???????? ???? ??? ?????? ?? ???????????? ?????? ??? ?????????? &nbsp;????? ?? ??????? ?????? ????? ????????????? ??? ??????? ?????? ??????? ????? ????????? ?? ????????????? ??????? ??? ????? ?????? ????&nbsp; ??? ??????????? ??? ???? ?? ?????? ???? &lsquo;????????&rsquo; ?????? ?????? ??????, ?? ???? ?? ???? ???????, ????? ?????? &lsquo;??????&rsquo;? &nbsp;?? ? ??????? ?? &nbsp;???? ???????? ??? ?????????????? ???? ??? ??????? ??? ??????? ??????? &lsquo;???????? ???&rsquo; ????? ????????</span><br /><br /><span>?????????? ?????? ?? ????? ???? ?? ????? ?????????, ???? ??????? ????????? ??? ? ?????? ? ???? ??? ??? ???????, ????????? ?????????? ????? ????? ????? ??????, ????? ???? ???? ????? ??? ???? ?????? ?????????&nbsp; ????? ???????? ???????? ????? ?????? ??? ?? ????? ???? ??????? ????? &nbsp;??????? ???? ??? ??????, ???? ?????????? ?????????? ?????? ????????? ?????????? ????? ??? ?????? ???? ?? ????? ?????? ????? ??????? ????? ???? ??? ???? ??????????? ??????</span><br /><br /><span>???????? ? ????? ? ??????????? ??? ?????? ????????????? ??????? ???? ?????????? ? ?????? ??????? ???? ???? ?????????? ??? ??????? ???????? ??????? ??????? ?? ??? ?????????? ??? ???????? ?????? ???? ??? ??? ????-??????, ?????-?????? ?????????? ??????? ?????????? ?? ??? ??????? ????? ???? ?????, ? ??? ??-????? ????????? ??????? ?????? ?????????? ?? ???? ????? ????? ????????- ??? ??? ???????? ?????? ?????????? ?? ???????</span><br /><br /><span>??????? ??????? ???????, ????????, ?????????? ? ????????? ??????? ??????? ?? ???????? ?????? ?????? ???? ??????? ?????? ???? ?????? ?????? ??? ????? ???? ???? ? ??????? ???? ??? ??????? ?????????? ?? ??? ?? ??????? ???????? ? ??????? ?????????? ?????? ???????? ???????? ???? ?????? ???????? ??????? ???? ??????????? ???????? ?????????? ????? ???????? ???? ????? ?? ????????? ??????? ????????????? ????????????? ????? ? ??????????? ??????????? ???????? ???? ?????? ? ????? ??????? ?????????? ??????? ? ????? ????? ?? ???????????? ??????? ? ??????? ??? ???? ???? ?????? ???????? ?????????? ?? ???? ?????? ?????? ??? ????? ?????? ?? ????????? ? ??????????? ??????; ??? ????? ??? ???????</span></p>', '1', '1'),
(3, '?????? ??????? ? ??? ????????? ?????', 'http://www.risingbd.com/editorial-news/260444', 'exam,bangladesh', '<p>????? ??? ??? ??? ????? ?????? ?????? ?????? ?????????? ???????&nbsp; ???? ??????&nbsp; ????? ????????? ????????? ?????? ????? ?????? ????? ??????? ? ????????? ???????????????&nbsp;</p>', '<p><span>????? ??? ??? ??? ????? ?????? ?????? ?????? ?????????? ???????&nbsp; ???? ??????&nbsp; ????? ????????? ????????? ?????? ????? ?????? ????? ??????? ? ????????? ??????????????? (?????) &nbsp;? ??? ?????????? ??????? ???? ???? ????? ???????? ???????? ???? ???? ?????????? ?????? ????? ???? ????? ??? ???? ???? ???? ???? ?????????? ?? ??????? ?? ?????&nbsp; ???? ????????? ????????? &nbsp;?????????? ?????? ??? ??????</span><br /><br /><span>???? ??????? ?? ???? ????? ???? ???????? ? ??????? ??? ????? ??? ???? ?????? ????-??????? ????? ?????????? ???? ????-?????? ?? ???????? ???? ?????????? ???????? ???????????? ?? ?? ?????????? ???? ?????? ?????????? ????? ????????? ????????? ???? ?????? ?????? ?????? ?? ?????????? ?????????? ????? ????????? ??????????? ??\'?? ???? ?&nbsp; ?????? ??? ?????? ?? ????? ?? ??????? ???????? ???? ???????? ????????? ????????? &nbsp;?? ???? ???????? ?????? ??? &nbsp;??? ????? ?? ???????? &nbsp;???????? ??????? ????? ????????? ????????? ???? ?????????? ???? ???? ???? &nbsp;???? ????? ???? ?????? ???????? ??? ????? ????? &nbsp;??????????? ????? ????? ??????? ????? ????? ??? ????????? ????????? ???? ??? ??? ??????????? ????? ???? ???? ????????? ????????? ?? ?????? ????????? ???</span><br /><br /><span>???? ?????? &nbsp;?????? ????????&nbsp; ????????? ?????????&nbsp; ???????? ?????? ???? ??? ?????????? ??? ??? ??????????? ??????? ???? ??????&nbsp;&nbsp; ??????? ???????? ????? ?????? ??? ???? ????????? ?????????? ????? ????????? ??????? ?????? ??? ????? ??????????? ??? ????? ????????? ???????? ??? ???????? ????? ??? ??? ?????? ????? ?????? ?????????? ? ????? ????????? ????? ?????? ????? ??? ????? ?????????? ?????????&nbsp; ??????? ????? ?????? ?? ???? ????? ??? ??? ???? ??????&nbsp; ?????????? ??????????? ????? ?????? ??????? ???? ???? ?????? ????????? ??? ?? ????? ?????????? ????????? ???????</span><br /><br /><span>?????? ??? ????????? ? ?????? ????????? ???????? ????????? ??????? ? ???????????? ?????? ??? ?????? ??????? ??? ?? ?? ??? ?????? ?????? ?? ???????? ???? ????, ????????? ????? ??????? ?????? ????????? ??????????? ??????? ????? ????? ????????? ?????? ??????? ??? ?? ??? ??? ???? ?????? ?????????? ????? ???? ????&nbsp;</span><br /><br /><span>???? ??? ???, ????????????? ???? ???? ??????????? ? ????????????? ????? ????????????? ??????? ??? ?????? ????????? ?????? ????????????????, ??? ?????? ???????? ???????? ???? &nbsp;???????? &nbsp;?????????? ????????? ??????? ? ???? ?????? ???????? ???? ????&nbsp; ??????????? ????? ??? ? ??????? ??????? ??????????? ????????? ??????????? &nbsp;????? ???????? ????? ??? ?????? ???????? ???????????? ????? ??? ???? ????????? ????? ??? ?? ????? ? ????? ???? ??? ???? ????</span></p>', '1', '1');

-- --------------------------------------------------------

--
-- Table structure for table `tbl_columnistprofile`
--

CREATE TABLE `tbl_columnistprofile` (
  `columnistProfile_id` int(11) NOT NULL,
  `author` varchar(255) NOT NULL,
  `image` varchar(255) NOT NULL
) ENGINE=InnoDB DEFAULT CHARSET=utf8;

--
-- Dumping data for table `tbl_columnistprofile`
--

INSERT INTO `tbl_columnistprofile` (`columnistProfile_id`, `author`, `image`) VALUES
(1, 'Jubaer', '../upload/524110378a.png');

-- --------------------------------------------------------

--
-- Table structure for table `tbl_districts`
--

CREATE TABLE `tbl_districts` (
  `district_id` int(11) NOT NULL,
  `name` varchar(255) NOT NULL
) ENGINE=InnoDB DEFAULT CHARSET=latin1;

--
-- Dumping data for table `tbl_districts`
--

INSERT INTO `tbl_districts` (`district_id`, `name`) VALUES
(1, 'Dhaka'),
(2, 'Chittagong');

-- --------------------------------------------------------

--
-- Table structure for table `tbl_editor`
--

CREATE TABLE `tbl_editor` (
  `editor_id` int(11) NOT NULL,
  `editor_name` varchar(255) NOT NULL,
  `editor_email` varchar(255) NOT NULL,
  `editor_mobile` varchar(255) NOT NULL,
  `editor_address` varchar(255) NOT NULL
) ENGINE=InnoDB DEFAULT CHARSET=utf8;

-- --------------------------------------------------------

--
-- Table structure for table `tbl_emailphone`
--

CREATE TABLE `tbl_emailphone` (
  `emailphone_id` int(11) NOT NULL,
  `newsroomemail` varchar(100) NOT NULL,
  `newsroommobile` varchar(100) NOT NULL,
  `advemail` varchar(100) NOT NULL,
  `advmobile` varchar(100) NOT NULL
) ENGINE=InnoDB DEFAULT CHARSET=utf8;

-- --------------------------------------------------------

--
-- Table structure for table `tbl_gallery`
--

CREATE TABLE `tbl_gallery` (
  `gallery_id` int(11) NOT NULL,
  `title` varchar(255) NOT NULL,
  `image` varchar(255) NOT NULL,
  `status` int(11) NOT NULL
) ENGINE=InnoDB DEFAULT CHARSET=latin1;

--
-- Dumping data for table `tbl_gallery`
--

INSERT INTO `tbl_gallery` (`gallery_id`, `title`, `image`, `status`) VALUES
(1, 'Ronaldo', '../upload/642b0b61c5.jpg', 1),
(2, 'Fire', '../upload/c498bf4bac.jpg', 1),
(3, 'Database', '../upload/f56ce0616b.jpg', 1),
(4, 'new car', '../upload/6f9cb93250.jpg', 1),
(5, 'red car', '../upload/2e4567e9ca.jpg', 1),
(6, 'blue car', '../upload/9b8f227c53.jpg', 1);

-- --------------------------------------------------------

--
-- Table structure for table `tbl_logontitle`
--

CREATE TABLE `tbl_logontitle` (
  `logo_id` int(11) NOT NULL,
  `logo` int(11) NOT NULL,
  `date` timestamp NOT NULL DEFAULT CURRENT_TIMESTAMP ON UPDATE CURRENT_TIMESTAMP
) ENGINE=InnoDB DEFAULT CHARSET=latin1;

-- --------------------------------------------------------

--
-- Table structure for table `tbl_logo_local`
--

CREATE TABLE `tbl_logo_local` (
  `logo_id` int(11) NOT NULL,
  `logo` varchar(255) NOT NULL
) ENGINE=InnoDB DEFAULT CHARSET=latin1;

-- --------------------------------------------------------

--
-- Table structure for table `tbl_ncategory`
--

CREATE TABLE `tbl_ncategory` (
  `category_id` int(11) NOT NULL,
  `category_title` varchar(255) NOT NULL,
  `category_url` varchar(255) NOT NULL,
  `category_seo_title` varchar(255) NOT NULL,
  `status` varchar(70) NOT NULL
) ENGINE=InnoDB DEFAULT CHARSET=latin1;

--
-- Dumping data for table `tbl_ncategory`
--

INSERT INTO `tbl_ncategory` (`category_id`, `category_title`, `category_url`, `category_seo_title`, `status`) VALUES
(1, 'khela', 'khela', 'khela', '1'),
(2, 'Cartoon', 'Cartoon', 'Cartoon', '1');

-- --------------------------------------------------------

--
-- Table structure for table `tbl_newses`
--

CREATE TABLE `tbl_newses` (
  `news_id` int(11) NOT NULL,
  `district_id` int(11) NOT NULL,
  `category_id` int(11) NOT NULL,
  `subcategory_id` int(11) NOT NULL,
  `top_news` varchar(255) NOT NULL,
  `news_title` varchar(255) NOT NULL,
  `news_url` varchar(255) NOT NULL,
  `news_seo_title` varchar(255) NOT NULL,
  `news_summery` text NOT NULL,
  `news_details` varchar(255) NOT NULL,
  `image` varchar(255) NOT NULL,
  `author` varchar(255) NOT NULL,
  `writer` varchar(70) NOT NULL,
  `sahittowriter` varchar(100) NOT NULL,
  `status` varchar(40) NOT NULL,
  `date` datetime NOT NULL DEFAULT CURRENT_TIMESTAMP,
  `hits` int(11) NOT NULL,
  `create_date` timestamp NOT NULL DEFAULT CURRENT_TIMESTAMP,
  `update_dateN_time` timestamp NOT NULL DEFAULT CURRENT_TIMESTAMP
) ENGINE=InnoDB DEFAULT CHARSET=latin1;

--
-- Dumping data for table `tbl_newses`
--

INSERT INTO `tbl_newses` (`news_id`, `district_id`, `category_id`, `subcategory_id`, `top_news`, `news_title`, `news_url`, `news_seo_title`, `news_summery`, `news_details`, `image`, `author`, `writer`, `sahittowriter`, `status`, `date`, `hits`, `create_date`, `update_dateN_time`) VALUES
(1, 1, 1, 1, '0', '??????? ?????? ????? ??? ????? ???????', 'http://www.banglanews24.com/sports/news/bd/646003.details', 'ronaldo,football,real madrid', '<p><span>???????????? ??????? ??????&nbsp;??????????? ??????? ?-? ????? ?? ?? ?????? ????? ???????? ??????????? ???? ??????????&nbsp;</span></p>', '<div id=\"contentDetails\">\r\n<div class=\"newsitem_text\">\r\n<div>\r\n<div id=\"contentDetails\">\r\n<p>???????????? ??????? ??????&nbsp;??????????? ??????? ?-? ????? ?? ?? ?????? ????? ???????? ??????????? ???? ??????????&nbsp;(?? ??????)&nbsp;?????? ???? ???? ????', '../upload/6e4a49a39d.jpg', 'bicyle kick by Ronaldo', 'jubaer', 'jubaer', '1', '0000-00-00 00:00:00', 2, '2018-04-04 06:30:45', '2018-04-04 03:20:19'),
(2, 1, 1, 2, '1', '????? ???? ?????? ????? ????????', 'http://www.banglanews24.com/sports/news/bd/646028.details', 'cricket', '<p>???? ????????? ????? (??????) ?????? ???? ????? ????? ?????? ??? ????? ????????? ???? ????? ???? ????? ???? ????? ?????? ??? ???? ????? ??????? ???????????? ???????? ?????? ????????? ???????? ??????? ????? ???? ?????? ?????? ??????? ????? ???????</p>', '<div id=\"contentDetails\"><span style=\"font-family: arial, helvetica, sans-serif;\">???? ????????? ????? (??????) ?????? ???? ????? ????? ?????? ??? ????? ????????? ???? ????? ???? ????? ???? ????? ?????? ??? ???? ????? ??????? ???????????? ???????? ?????? ', '../upload/1bba413c34.jpg', 'sommo', 'jubaer', 'jubaere', '1', '2018-04-04 00:00:00', 1, '2018-04-04 07:54:41', '2018-04-04 07:54:41');

-- --------------------------------------------------------

--
-- Table structure for table `tbl_received_write`
--

CREATE TABLE `tbl_received_write` (
  `name` varchar(255) NOT NULL,
  `email` varchar(100) NOT NULL,
  `body` text NOT NULL,
  `filedoc` varchar(255) NOT NULL
) ENGINE=InnoDB DEFAULT CHARSET=latin1;

-- --------------------------------------------------------

--
-- Table structure for table `tbl_social_local`
--

CREATE TABLE `tbl_social_local` (
  `social_id` int(11) NOT NULL,
  `facebook` varchar(255) NOT NULL,
  `twitter` varchar(255) NOT NULL,
  `google_plus` varchar(255) NOT NULL
) ENGINE=InnoDB DEFAULT CHARSET=latin1;

-- --------------------------------------------------------

--
-- Table structure for table `tbl_subcategory`
--

CREATE TABLE `tbl_subcategory` (
  `subcategory_id` int(11) NOT NULL,
  `category_id` int(11) NOT NULL,
  `sub_category_title` varchar(255) NOT NULL,
  `sub_category_url` varchar(255) NOT NULL,
  `subcategory_seo_title` varchar(255) NOT NULL,
  `status` int(11) NOT NULL
) ENGINE=InnoDB DEFAULT CHARSET=latin1;

--
-- Dumping data for table `tbl_subcategory`
--

INSERT INTO `tbl_subcategory` (`subcategory_id`, `category_id`, `sub_category_title`, `sub_category_url`, `subcategory_seo_title`, `status`) VALUES
(1, 1, 'Football', 'Football', 'football', 0),
(2, 1, 'Cricket', 'Cricket', 'cricket,sakib,tamim', 0);

-- --------------------------------------------------------

--
-- Table structure for table `tbl_subcategory_local`
--

CREATE TABLE `tbl_subcategory_local` (
  `subcategory_id` int(11) NOT NULL,
  `category_id` int(11) NOT NULL,
  `sub_category_title` varchar(255) NOT NULL,
  `sub_category_url` varchar(255) NOT NULL,
  `subcategory_seo_title` varchar(255) NOT NULL,
  `status` int(11) NOT NULL
) ENGINE=InnoDB DEFAULT CHARSET=latin1;

--
-- Indexes for dumped tables
--

--
-- Indexes for table `local_newses_tbl`
--
ALTER TABLE `local_newses_tbl`
  ADD PRIMARY KEY (`news_id`);

--
-- Indexes for table `poll_option`
--
ALTER TABLE `poll_option`
  ADD PRIMARY KEY (`poll_id`);

--
-- Indexes for table `poll_question`
--
ALTER TABLE `poll_question`
  ADD PRIMARY KEY (`id`);

--
-- Indexes for table `tbl_admin`
--
ALTER TABLE `tbl_admin`
  ADD PRIMARY KEY (`admin_id`);

--
-- Indexes for table `tbl_announcement`
--
ALTER TABLE `tbl_announcement`
  ADD PRIMARY KEY (`announcement_id`);

--
-- Indexes for table `tbl_announcement_local`
--
ALTER TABLE `tbl_announcement_local`
  ADD PRIMARY KEY (`announcement_id`);

--
-- Indexes for table `tbl_breakingnews`
--
ALTER TABLE `tbl_breakingnews`
  ADD PRIMARY KEY (`breaking_id`);

--
-- Indexes for table `tbl_breakingnews_local`
--
ALTER TABLE `tbl_breakingnews_local`
  ADD PRIMARY KEY (`breaking_id`);

--
-- Indexes for table `tbl_cartoon`
--
ALTER TABLE `tbl_cartoon`
  ADD PRIMARY KEY (`cartoon_id`);

--
-- Indexes for table `tbl_category_local`
--
ALTER TABLE `tbl_category_local`
  ADD PRIMARY KEY (`category_id`);

--
-- Indexes for table `tbl_columnist`
--
ALTER TABLE `tbl_columnist`
  ADD PRIMARY KEY (`columnistn_id`);

--
-- Indexes for table `tbl_columnistprofile`
--
ALTER TABLE `tbl_columnistprofile`
  ADD PRIMARY KEY (`columnistProfile_id`);

--
-- Indexes for table `tbl_districts`
--
ALTER TABLE `tbl_districts`
  ADD PRIMARY KEY (`district_id`);

--
-- Indexes for table `tbl_editor`
--
ALTER TABLE `tbl_editor`
  ADD PRIMARY KEY (`editor_id`);

--
-- Indexes for table `tbl_emailphone`
--
ALTER TABLE `tbl_emailphone`
  ADD PRIMARY KEY (`emailphone_id`);

--
-- Indexes for table `tbl_gallery`
--
ALTER TABLE `tbl_gallery`
  ADD PRIMARY KEY (`gallery_id`);

--
-- Indexes for table `tbl_logo_local`
--
ALTER TABLE `tbl_logo_local`
  ADD PRIMARY KEY (`logo_id`);

--
-- Indexes for table `tbl_ncategory`
--
ALTER TABLE `tbl_ncategory`
  ADD PRIMARY KEY (`category_id`);

--
-- Indexes for table `tbl_newses`
--
ALTER TABLE `tbl_newses`
  ADD PRIMARY KEY (`news_id`);

--
-- Indexes for table `tbl_social_local`
--
ALTER TABLE `tbl_social_local`
  ADD PRIMARY KEY (`social_id`);

--
-- Indexes for table `tbl_subcategory`
--
ALTER TABLE `tbl_subcategory`
  ADD PRIMARY KEY (`subcategory_id`);

--
-- Indexes for table `tbl_subcategory_local`
--
ALTER TABLE `tbl_subcategory_local`
  ADD PRIMARY KEY (`subcategory_id`);

--
-- AUTO_INCREMENT for dumped tables
--

--
-- AUTO_INCREMENT for table `local_newses_tbl`
--
ALTER TABLE `local_newses_tbl`
  MODIFY `news_id` int(11) NOT NULL AUTO_INCREMENT, AUTO_INCREMENT=3;

--
-- AUTO_INCREMENT for table `poll_option`
--
ALTER TABLE `poll_option`
  MODIFY `poll_id` int(11) NOT NULL AUTO_INCREMENT;

--
-- AUTO_INCREMENT for table `poll_question`
--
ALTER TABLE `poll_question`
  MODIFY `id` int(11) NOT NULL AUTO_INCREMENT;

--
-- AUTO_INCREMENT for table `tbl_admin`
--
ALTER TABLE `tbl_admin`
  MODIFY `admin_id` int(11) NOT NULL AUTO_INCREMENT, AUTO_INCREMENT=2;

--
-- AUTO_INCREMENT for table `tbl_announcement`
--
ALTER TABLE `tbl_announcement`
  MODIFY `announcement_id` int(11) NOT NULL AUTO_INCREMENT;

--
-- AUTO_INCREMENT for table `tbl_announcement_local`
--
ALTER TABLE `tbl_announcement_local`
  MODIFY `announcement_id` int(11) NOT NULL AUTO_INCREMENT;

--
-- AUTO_INCREMENT for table `tbl_breakingnews`
--
ALTER TABLE `tbl_breakingnews`
  MODIFY `breaking_id` int(11) NOT NULL AUTO_INCREMENT, AUTO_INCREMENT=3;

--
-- AUTO_INCREMENT for table `tbl_breakingnews_local`
--
ALTER TABLE `tbl_breakingnews_local`
  MODIFY `breaking_id` int(11) NOT NULL AUTO_INCREMENT, AUTO_INCREMENT=2;

--
-- AUTO_INCREMENT for table `tbl_cartoon`
--
ALTER TABLE `tbl_cartoon`
  MODIFY `cartoon_id` int(11) NOT NULL AUTO_INCREMENT, AUTO_INCREMENT=2;

--
-- AUTO_INCREMENT for table `tbl_category_local`
--
ALTER TABLE `tbl_category_local`
  MODIFY `category_id` int(11) NOT NULL AUTO_INCREMENT;

--
-- AUTO_INCREMENT for table `tbl_columnist`
--
ALTER TABLE `tbl_columnist`
  MODIFY `columnistn_id` int(11) NOT NULL AUTO_INCREMENT, AUTO_INCREMENT=4;

--
-- AUTO_INCREMENT for table `tbl_columnistprofile`
--
ALTER TABLE `tbl_columnistprofile`
  MODIFY `columnistProfile_id` int(11) NOT NULL AUTO_INCREMENT, AUTO_INCREMENT=2;

--
-- AUTO_INCREMENT for table `tbl_districts`
--
ALTER TABLE `tbl_districts`
  MODIFY `district_id` int(11) NOT NULL AUTO_INCREMENT, AUTO_INCREMENT=3;

--
-- AUTO_INCREMENT for table `tbl_editor`
--
ALTER TABLE `tbl_editor`
  MODIFY `editor_id` int(11) NOT NULL AUTO_INCREMENT;

--
-- AUTO_INCREMENT for table `tbl_emailphone`
--
ALTER TABLE `tbl_emailphone`
  MODIFY `emailphone_id` int(11) NOT NULL AUTO_INCREMENT;

--
-- AUTO_INCREMENT for table `tbl_gallery`
--
ALTER TABLE `tbl_gallery`
  MODIFY `gallery_id` int(11) NOT NULL AUTO_INCREMENT, AUTO_INCREMENT=7;

--
-- AUTO_INCREMENT for table `tbl_logo_local`
--
ALTER TABLE `tbl_logo_local`
  MODIFY `logo_id` int(11) NOT NULL AUTO_INCREMENT;

--
-- AUTO_INCREMENT for table `tbl_ncategory`
--
ALTER TABLE `tbl_ncategory`
  MODIFY `category_id` int(11) NOT NULL AUTO_INCREMENT, AUTO_INCREMENT=3;

--
-- AUTO_INCREMENT for table `tbl_newses`
--
ALTER TABLE `tbl_newses`
  MODIFY `news_id` int(11) NOT NULL AUTO_INCREMENT, AUTO_INCREMENT=3;

--
-- AUTO_INCREMENT for table `tbl_social_local`
--
ALTER TABLE `tbl_social_local`
  MODIFY `social_id` int(11) NOT NULL AUTO_INCREMENT;

--
-- AUTO_INCREMENT for table `tbl_subcategory`
--
ALTER TABLE `tbl_subcategory`
  MODIFY `subcategory_id` int(11) NOT NULL AUTO_INCREMENT, AUTO_INCREMENT=3;

--
-- AUTO_INCREMENT for table `tbl_subcategory_local`
--
ALTER TABLE `tbl_subcategory_local`
  MODIFY `subcategory_id` int(11) NOT NULL AUTO_INCREMENT;
COMMIT;

/*!40101 SET CHARACTER_SET_CLIENT=@OLD_CHARACTER_SET_CLIENT */;
/*!40101 SET CHARACTER_SET_RESULTS=@OLD_CHARACTER_SET_RESULTS */;
/*!40101 SET COLLATION_CONNECTION=@OLD_COLLATION_CONNECTION */;
